{
	"groups":[
	{
		"keys":"bgImage,egretIcon,loadingbar_png,frame_png,bottomrect_png,homepage_png,Myorder_png,Mypindan_png,produpic_png,discountframe_png,homepagedown_png,Myorderdown_png,Mypindandown_png,mypropic_png,pindansc_png,pindaninfobtn_png,orderinfobtn_png,pindanfa_png,pindaning_png,ordertopframe_png,ordertopselect_png,orderpropic_png,cancelorderbtn_png,forpaybtn_png,msgetbtn_png,showinfobtn_png",
		"name":"preload"
	}],
	"resources":[
	{
		"name":"bgImage",
		"type":"image",
		"url":"assets/bg.jpg"
	},
	{
		"name":"egretIcon",
		"type":"image",
		"url":"assets/egret_icon.png"
	},
	{
		"name":"loadingbar_png",
		"type":"image",
		"url":"assets/loadingbar.png"
	},
	{
		"name":"description",
		"type":"json",
		"url":"config/description.json"
	},
	{
		"name":"frame_png",
		"type":"image",
		"url":"assets/frame.png"
	},
	{
		"name":"bottomrect_png",
		"type":"image",
		"url":"assets/bottomrect.png"
	},
	{
		"name":"homepage_png",
		"type":"image",
		"url":"assets/homepage.png"
	},
	{
		"name":"Myorder_png",
		"type":"image",
		"url":"assets/Myorder.png"
	},
	{
		"name":"Mypindan_png",
		"type":"image",
		"url":"assets/Mypindan.png"
	},
	{
		"name":"produpic_png",
		"type":"image",
		"url":"assets/produpic.png"
	},
	{
		"name":"discountframe_png",
		"type":"image",
		"url":"assets/discountframe.png"
	},
	{
		"name":"homepagedown_png",
		"type":"image",
		"url":"assets/homepagedown.png"
	},
	{
		"name":"Myorderdown_png",
		"type":"image",
		"url":"assets/Myorderdown.png"
	},
	{
		"name":"Mypindandown_png",
		"type":"image",
		"url":"assets/Mypindandown.png"
	},
	{
		"name":"mypropic_png",
		"type":"image",
		"url":"assets/mypropic.png"
	},
	{
		"name":"pindansc_png",
		"type":"image",
		"url":"assets/pindansc.png"
	},
	{
		"name":"pindaninfobtn_png",
		"type":"image",
		"url":"assets/pindaninfobtn.png"
	},
	{
		"name":"orderinfobtn_png",
		"type":"image",
		"url":"assets/orderinfobtn.png"
	},
	{
		"name":"pindanfa_png",
		"type":"image",
		"url":"assets/pindanfa.png"
	},
	{
		"name":"pindaning_png",
		"type":"image",
		"url":"assets/pindaning.png"
	},
	{
		"name":"ordertopframe_png",
		"type":"image",
		"url":"assets/ordertopframe.png"
	},
	{
		"name":"ordertopselect_png",
		"type":"image",
		"url":"assets/ordertopselect.png"
	},
	{
		"name":"orderpropic_png",
		"type":"image",
		"url":"assets/orderpropic.png"
	},
	{
		"name":"cancelorderbtn_png",
		"type":"image",
		"url":"assets/cancelorderbtn.png"
	},
	{
		"name":"forpaybtn_png",
		"type":"image",
		"url":"assets/forpaybtn.png"
	},
	{
		"name":"msgetbtn_png",
		"type":"image",
		"url":"assets/msgetbtn.png"
	},
	{
		"name":"showinfobtn_png",
		"type":"image",
		"url":"assets/showinfobtn.png"
	}]
}